City_ID,City,Country,Date,Lat,Lng,Max Temp,Humidity,Cloudiness,Wind Speed
0,San Quintin,MX,2022-07-14 15:56:32,30.4833,-115.95,69.37,74,79,7.72
1,Naryan-Mar,RU,2022-07-14 15:57:53,67.6713,53.087,79.34,57,8,8.77
2,Rikitea,PF,2022-07-14 15:57:54,-23.1203,-134.9692,65.77,88,100,6.62
3,Evensk,RU,2022-07-14 15:57:54,61.95,159.2333,62.28,71,19,11.86
4,Butaritari,KI,2022-07-14 15:54:25,3.0707,172.7902,81.36,81,69,17.4
5,Cayenne,GF,2022-07-14 15:54:20,4.9333,-52.3333,86.04,1,75,6.91
6,Dingle,PH,2022-07-14 15:57:55,10.9995,122.6711,76.14,92,44,1.68
7,Kamenka,RU,2022-07-14 15:57:55,51.3223,42.7678,60.94,82,98,4.61
8,Punta Arenas,CL,2022-07-14 15:57:56,-53.15,-70.9167,33.91,93,75,5.75
9,Vaini,TO,2022-07-14 15:57:56,-21.2,-175.2,75.36,100,2,9.22
10,Pemangkat,ID,2022-07-14 15:57:57,1.1667,108.9667,79.57,76,88,3.36
11,Pamanukan,ID,2022-07-14 15:57:57,-6.2842,107.8106,77.0,90,83,7.87
12,Staryy Nadym,RU,2022-07-14 15:57:57,65.6118,72.6842,65.41,57,94,8.88
13,Clyde River,CA,2022-07-14 15:57:58,70.4692,-68.5914,44.83,76,0,8.05
14,Kapaa,US,2022-07-14 15:57:58,22.0752,-159.319,77.32,88,40,16.11
15,Cape Town,ZA,2022-07-14 15:57:59,-33.9258,18.4232,61.21,76,75,5.75
16,Busselton,AU,2022-07-14 15:57:59,-33.65,115.3333,59.63,73,83,20.85
17,Khatanga,RU,2022-07-14 15:55:43,71.9667,102.5,42.6,91,100,4.7
18,Kodiak,US,2022-07-14 15:57:54,57.79,-152.4072,54.34,86,100,3.85
19,Tiksi,RU,2022-07-14 15:58:00,71.6872,128.8694,41.32,90,88,3.49
20,Bathsheba,BB,2022-07-14 15:58:00,13.2167,-59.5167,87.04,81,75,16.11
21,Walvis Bay,NA,2022-07-14 15:58:01,-22.9575,14.5053,60.1,57,1,14.54
22,Leningradskiy,RU,2022-07-14 15:57:05,69.3833,178.4167,33.69,83,100,10.27
23,Tasiilaq,GL,2022-07-14 15:58:01,65.6145,-37.6368,41.79,70,42,5.64
24,Blackwater,AU,2022-07-14 15:58:02,-23.5833,148.8833,46.31,63,0,7.78
25,Hithadhoo,MV,2022-07-14 15:56:48,-0.6,73.0833,83.62,74,100,15.19
26,Albany,US,2022-07-14 15:54:23,42.6001,-73.9662,78.58,62,6,6.35
27,Goderich,CA,2022-07-14 15:58:03,43.7501,-81.7165,68.92,77,2,5.75
28,Korla,CN,2022-07-14 15:58:03,41.7597,86.1469,78.35,34,81,8.93
29,Barrow,US,2022-07-14 15:58:04,71.2906,-156.7887,33.82,80,100,8.05
30,Laguna,US,2022-07-14 15:54:12,38.421,-121.4238,82.09,68,0,3.0
31,New Norfolk,AU,2022-07-14 15:54:26,-42.7826,147.0587,45.72,90,41,2.33
32,Mataura,NZ,2022-07-14 15:54:34,-46.1927,168.8643,35.47,98,97,1.7
33,Guilin,CN,2022-07-14 15:58:05,25.2819,110.2864,80.71,81,100,0.36
34,Touros,BR,2022-07-14 15:58:05,-5.1989,-35.4608,80.01,78,40,16.8
35,Hilo,US,2022-07-14 15:55:38,19.7297,-155.09,73.62,94,31,4.0
36,Fort Smith,US,2022-07-14 15:54:04,35.3859,-94.3986,92.37,59,0,5.01
37,Grande Prairie,CA,2022-07-14 15:55:01,55.1667,-118.8027,55.58,71,75,6.91
38,Avarua,CK,2022-07-14 15:58:06,-21.2078,-159.775,73.45,68,100,6.91
39,Kruisfontein,ZA,2022-07-14 15:58:07,-34.0033,24.7314,55.89,85,26,11.03
40,Saint-Joseph,RE,2022-07-14 15:58:07,-21.3667,55.6167,70.18,79,56,10.27
41,Santa Maria,BR,2022-07-14 15:56:28,-29.6842,-53.8069,54.7,100,75,8.05
42,Dikson,RU,2022-07-14 15:58:08,73.5069,80.5464,42.28,75,9,12.39
43,Aswan,EG,2022-07-14 15:58:09,24.0934,32.907,105.1,14,0,12.66
44,Hobart,AU,2022-07-14 15:54:30,-42.8794,147.3294,46.06,96,75,4.61
45,Lata,PT,2022-07-14 15:58:09,40.1629,-8.3327,93.49,39,67,9.6
46,Bethel,US,2022-07-14 15:58:10,41.3712,-73.414,83.73,71,3,4.32
47,Tieli,CN,2022-07-14 15:59:10,46.95,128.05,68.31,79,100,10.83
48,Jamestown,US,2022-07-14 15:59:11,42.097,-79.2353,74.95,61,3,4.0
49,Port Macquarie,AU,2022-07-14 15:59:11,-31.4333,152.9167,50.9,85,57,12.8
50,Provideniya,RU,2022-07-14 15:59:12,64.3833,-173.3,51.58,61,100,6.13
51,Atuona,PF,2022-07-14 15:55:47,-9.8,-139.0333,77.54,68,27,17.13
52,Carnarvon,AU,2022-07-14 15:59:12,-24.8667,113.6333,67.93,82,6,10.67
53,Victoria,HK,2022-07-14 15:57:47,22.2855,114.1577,87.19,81,99,5.01
54,Bredasdorp,ZA,2022-07-14 15:57:54,-34.5322,20.0403,53.58,80,71,5.7
55,Atar,MR,2022-07-14 15:59:13,20.5169,-13.0499,107.74,17,20,9.69
56,Georgetown,MY,2022-07-14 15:54:22,5.4112,100.3354,83.89,90,20,0.0
57,Paidha,UG,2022-07-14 15:59:14,2.4167,30.9855,72.34,45,65,3.22
58,Tual,ID,2022-07-14 15:59:14,-5.6667,132.75,78.26,81,100,21.21
59,El Alto,PE,2022-07-14 15:59:15,-4.2714,-81.2147,65.86,60,30,12.84
60,Ushuaia,AR,2022-07-14 15:57:26,-54.8,-68.3,31.62,80,20,3.44
61,Beloha,MG,2022-07-14 15:59:15,-25.1667,45.05,66.02,77,0,5.68
62,Luohe,CN,2022-07-14 15:59:16,33.5717,114.0353,82.24,88,99,6.82
63,Polignano A Mare,IT,2022-07-14 15:59:16,40.9959,17.2159,87.67,51,0,7.49
64,Iqaluit,CA,2022-07-14 15:58:10,63.7506,-68.5145,46.13,81,40,5.75
65,Arraial Do Cabo,BR,2022-07-14 15:55:33,-22.9661,-42.0278,78.76,73,40,14.97
66,San-Pedro,CI,2022-07-14 15:59:17,4.7485,-6.6363,77.4,79,100,9.22
67,Talnakh,RU,2022-07-14 15:59:18,69.4865,88.3972,58.21,63,100,3.42
68,Ilulissat,GL,2022-07-14 15:59:18,69.2167,-51.1,44.2,53,5,8.37
69,Havre-Saint-Pierre,CA,2022-07-14 15:59:18,50.2334,-63.5986,66.56,59,0,10.36
70,Candelaria,PH,2022-07-14 15:59:19,13.9311,121.4233,78.39,94,58,1.7
71,Sao Filipe,CV,2022-07-14 15:59:19,14.8961,-24.4956,76.46,72,16,14.81
72,Richards Bay,ZA,2022-07-14 15:59:20,-28.783,32.0377,68.05,62,0,10.85
73,Lavrentiya,RU,2022-07-14 15:59:20,65.5833,-171.0,48.34,70,100,4.99
74,Lompoc,US,2022-07-14 15:59:21,34.6391,-120.4579,63.93,73,91,3.0
75,Airai,TL,2022-07-14 15:59:21,-8.9266,125.4092,54.36,89,51,2.71
76,Buraydah,SA,2022-07-14 15:59:22,26.326,43.975,108.05,10,71,10.13
77,East London,ZA,2022-07-14 15:59:23,-33.0153,27.9116,63.54,63,0,13.8
78,Tautira,PF,2022-07-14 15:59:23,-17.7333,-149.15,75.7,62,97,21.23
79,Rocha,UY,2022-07-14 15:59:23,-34.4833,-54.3333,61.23,78,68,12.66
80,Odienne,CI,2022-07-14 15:59:24,9.51,-7.5692,85.03,63,100,3.87
81,Ponta Do Sol,PT,2022-07-14 15:59:24,32.6667,-17.1,80.71,61,3,8.03
82,Nikolskoye,RU,2022-07-14 15:59:25,59.7035,30.7861,62.49,88,74,6.62
83,Christchurch,NZ,2022-07-14 15:59:25,-43.5333,172.6333,41.47,92,100,3.44
84,Buala,SB,2022-07-14 15:59:25,-8.145,159.5921,77.07,78,89,3.89
85,Tura,IN,2022-07-14 15:59:26,25.5198,90.2201,78.39,86,2,2.13
86,Bluff,NZ,2022-07-14 15:59:26,-46.6,168.3333,35.8,87,100,10.42
87,Gevrai,IN,2022-07-14 15:59:27,19.2667,75.75,75.54,81,100,17.87
88,Malmesbury,ZA,2022-07-14 15:59:27,-33.4608,18.7271,59.77,88,86,4.07
89,Palmer,US,2022-07-14 15:55:57,42.1584,-72.3287,80.51,72,7,3.58
90,Yilan,TW,2022-07-14 15:59:28,24.757,121.753,85.91,99,100,3.56
91,Salalah,OM,2022-07-14 16:00:29,17.0151,54.0924,78.37,89,79,5.53
92,Puerto Ayora,EC,2022-07-14 16:00:29,-0.7393,-90.3518,71.55,90,89,7.0
93,Visby,SE,2022-07-14 16:00:30,57.6409,18.296,68.05,77,40,5.75
94,Upernavik,GL,2022-07-14 15:58:00,72.7868,-56.1549,39.6,86,31,13.0
95,Nieuw Amsterdam,SR,2022-07-14 16:00:30,5.8833,-55.0833,86.14,80,55,3.58
96,Neuquen,AR,2022-07-14 15:55:41,-38.9516,-68.0591,40.89,75,75,4.61
97,Vardo,NO,2022-07-14 16:00:31,70.3705,31.1107,53.58,94,40,4.61
98,Iquitos,PE,2022-07-14 16:00:32,-3.7481,-73.2472,87.76,56,72,1.86
99,Awbari,LY,2022-07-14 16:00:32,26.5921,12.7805,95.11,17,0,12.28
100,Chokurdakh,RU,2022-07-14 15:59:22,70.6333,147.9167,43.25,64,27,7.47
101,Naze,JP,2022-07-14 15:58:04,28.3667,129.4833,79.72,90,96,7.25
102,Qaanaaq,GL,2022-07-14 15:56:45,77.484,-69.3632,44.29,83,99,5.57
103,North Bend,US,2022-07-14 16:00:23,43.4065,-124.2243,61.16,92,97,4.63
104,Ancud,CL,2022-07-14 15:57:02,-41.8697,-73.8203,42.22,80,72,7.76
105,Thompson,CA,2022-07-14 15:56:56,55.7435,-97.8558,64.56,100,100,3.44
106,Lekoni,GA,2022-07-14 16:00:34,-1.5843,14.2591,91.45,28,39,4.81
107,Ribeira Grande,PT,2022-07-14 15:56:48,38.5167,-28.7,77.4,73,40,4.61
108,Storozhevaya,RU,2022-07-14 16:00:35,43.8789,41.4514,63.88,85,83,1.63
109,Yellowknife,CA,2022-07-14 15:59:27,62.456,-114.3525,57.72,94,75,3.44
110,Lindi,TZ,2022-07-14 16:00:36,-10.0,39.7167,73.56,74,81,3.27
111,Praia Da Vitoria,PT,2022-07-14 15:55:55,38.7333,-27.0667,77.25,78,75,15.26
112,Qaqortoq,GL,2022-07-14 16:00:37,60.7167,-46.0333,49.24,75,100,9.82
113,Padang,ID,2022-07-14 16:00:25,-0.9492,100.3543,73.45,88,100,6.8
114,Bonthe,SL,2022-07-14 16:00:38,7.5264,-12.505,80.24,77,94,12.06
115,Cabo San Lucas,MX,2022-07-14 15:58:52,22.8909,-109.9124,83.05,64,12,2.64
116,Lumberton,US,2022-07-14 15:55:42,34.6182,-79.0086,82.71,53,99,6.26
117,Norman Wells,CA,2022-07-14 16:00:39,65.282,-126.8329,43.57,91,100,12.46
118,Melong,CM,2022-07-14 16:00:39,5.1218,9.9614,71.62,94,85,2.08
119,Port Alfred,ZA,2022-07-14 16:00:40,-33.5906,26.891,58.17,73,60,5.01
120,Sterling,US,2022-07-14 16:00:40,39.0062,-77.4286,87.55,58,0,9.22
121,Nyurba,RU,2022-07-14 16:00:40,63.2842,118.3319,60.85,93,60,4.29
122,Cap Malheureux,MU,2022-07-14 16:00:41,-19.9842,57.6142,70.47,70,49,8.01
123,Clarksville,US,2022-07-14 16:00:05,36.5298,-87.3595,89.1,49,0,1.01
124,Barcelos,PT,2022-07-14 16:00:41,41.5388,-8.6151,98.92,31,100,6.26
125,Karratha,AU,2022-07-14 16:00:42,-20.7377,116.8463,66.02,60,18,5.79
126,Vila Franca Do Campo,PT,2022-07-14 16:00:37,37.7167,-25.4333,75.61,77,85,10.49
127,Mana,GF,2022-07-14 16:00:37,5.6592,-53.7767,84.43,72,69,5.82
128,Luau,AO,2022-07-14 16:00:43,-10.7073,22.2247,77.14,24,5,2.24
129,George Town,MY,2022-07-14 15:57:16,5.4112,100.3354,84.88,89,20,0.0
130,Tuktoyaktuk,CA,2022-07-14 16:00:44,69.4541,-133.0374,36.43,90,100,23.85
131,Hingoli,IN,2022-07-14 16:00:44,19.7167,77.15,74.89,85,100,18.37
132,Mar Del Plata,AR,2022-07-14 16:00:45,-38.0023,-57.5575,51.94,86,100,15.99
133,Tecoanapa,MX,2022-07-14 16:00:46,16.5167,-98.75,83.98,66,94,1.32
134,Stephenville,US,2022-07-14 16:00:25,32.2207,-98.2023,96.26,38,40,7.0
135,Port Elizabeth,ZA,2022-07-14 15:58:21,-33.918,25.5701,59.29,77,0,18.41
136,Dunedin,NZ,2022-07-14 16:01:36,-45.8742,170.5036,42.8,75,52,8.01
137,Soyo,AO,2022-07-14 15:59:12,-6.1349,12.3689,74.17,74,10,10.11
138,Saint-Augustin,CA,2022-07-14 16:01:47,51.226,-58.6502,69.58,41,29,9.73
139,Port Lincoln,AU,2022-07-14 16:01:47,-34.7333,135.8667,50.86,73,40,11.79
140,Sakaiminato,JP,2022-07-14 16:01:38,35.55,133.2333,75.51,93,90,6.73
141,Hambantota,LK,2022-07-14 16:01:48,6.1241,81.1185,80.94,89,40,8.05
142,Asau,RO,2022-07-14 16:01:49,46.4333,26.4,81.52,58,71,1.05
143,Vratimov,CZ,2022-07-14 16:01:49,49.77,18.3102,83.08,32,0,10.36
144,Ostrovnoy,RU,2022-07-14 16:01:49,68.0531,39.5131,64.98,87,96,4.97
145,Hamilton,US,2022-07-14 16:01:50,39.1834,-84.5333,83.88,56,0,10.36
146,Kinablangan,PH,2022-07-14 16:01:50,7.6947,126.5503,79.12,84,94,5.21
147,Petauke,ZM,2022-07-14 16:01:51,-14.2426,31.3253,67.01,48,90,6.17
148,Pampierstad,ZA,2022-07-14 16:01:51,-27.7832,24.6877,60.6,32,0,7.67
149,Tuatapere,NZ,2022-07-14 16:01:52,-46.1333,167.6833,40.35,94,96,2.82
150,Zlobin,HR,2022-07-14 16:01:52,45.2924,14.6541,79.9,33,0,2.3
151,Porgera,PG,2022-07-14 16:01:53,-5.4667,143.2,43.77,98,90,1.36
152,Mount Gambier,AU,2022-07-14 16:01:53,-37.8333,140.7667,46.31,100,100,8.05
153,San Giovanni Rotondo,IT,2022-07-14 15:59:38,41.7049,15.7191,80.62,29,1,1.32
154,Arica,CL,2022-07-14 15:58:15,-18.475,-70.3042,62.83,63,100,5.75
155,Severo-Kurilsk,RU,2022-07-14 16:01:13,50.6789,156.125,52.34,97,84,7.43
156,Mahebourg,MU,2022-07-14 16:01:16,-20.4081,57.7,70.25,72,11,16.64
157,Ipixuna,BR,2022-07-14 16:01:54,-1.7625,-48.8043,84.9,68,76,4.99
158,Palasbari,IN,2022-07-14 16:01:55,26.1361,91.5486,80.65,94,40,0.0
159,Nome,US,2022-07-14 15:57:26,64.5011,-165.4064,48.27,100,100,0.0
160,Danilovka,RU,2022-07-14 16:01:56,50.3557,44.1168,69.37,63,66,9.15
161,Balkhash,KZ,2022-07-14 16:01:56,46.844,74.9804,76.01,33,0,2.73
162,Constitucion,CL,2022-07-14 16:01:57,-35.3333,-72.4167,46.53,80,96,9.13
163,Magaria,NE,2022-07-14 16:01:57,12.9983,8.9099,97.12,28,90,13.38
164,Gold Coast,AU,2022-07-14 16:00:28,-28.0,153.4333,59.07,84,100,13.8
165,Peleduy,RU,2022-07-14 16:01:58,59.6289,112.7406,61.74,87,68,1.63
166,Arkadelphia,US,2022-07-14 16:01:58,34.1209,-93.0538,91.18,74,58,2.75
167,Bandarbeyla,SO,2022-07-14 16:01:59,9.4942,50.8122,78.76,79,79,32.91
168,Lorengau,PG,2022-07-14 16:01:39,-2.0226,147.2712,81.41,75,100,3.0
169,Yuli,NG,2022-07-14 16:01:59,9.6989,10.2744,88.3,52,50,7.25
170,Madang,PG,2022-07-14 16:02:00,-5.2246,145.7966,77.9,90,99,5.75
171,Pierre,US,2022-07-14 16:02:00,44.3683,-100.351,84.06,59,28,5.99
172,Torbay,CA,2022-07-14 16:02:01,47.6666,-52.7314,77.76,70,1,5.99
173,Hami,CN,2022-07-14 16:01:29,42.8,93.45,83.1,19,43,13.24
174,Faanui,PF,2022-07-14 16:02:02,-16.4833,-151.75,77.36,74,45,25.05
175,Hermanus,ZA,2022-07-14 15:57:04,-34.4187,19.2345,58.8,80,35,3.74
176,Sangar,RU,2022-07-14 16:02:02,63.9242,127.4739,60.26,95,95,2.17
177,Portland,US,2022-07-14 15:58:59,45.5234,-122.6762,66.81,74,0,5.01
178,Kieta,PG,2022-07-14 16:02:03,-6.2167,155.6333,77.79,85,80,5.59
179,Pustoshka,RU,2022-07-14 16:02:04,56.3355,29.369,63.79,84,63,7.76
180,Saint-Philippe,RE,2022-07-14 16:02:04,-21.3585,55.7679,71.19,80,67,12.28
181,Souillac,MU,2022-07-14 16:02:05,-20.5167,57.5167,70.05,74,13,14.16
182,Manzil Salim,TN,2022-07-14 16:03:05,35.8567,8.4765,91.22,17,0,9.17
183,Camacha,PT,2022-07-14 15:59:21,33.0833,-16.3333,71.02,68,20,11.5
184,Chuy,UY,2022-07-14 16:03:06,-33.6971,-53.4616,61.68,79,75,11.43
185,Plainview,US,2022-07-14 15:59:00,40.7765,-73.4673,86.67,62,48,4.0
186,Atambua,ID,2022-07-14 16:03:07,-9.1061,124.8925,67.41,82,14,5.84
187,Kupang,ID,2022-07-14 16:01:10,-10.1667,123.5833,73.62,73,5,11.63
188,Akureyri,IS,2022-07-14 16:03:08,65.6835,-18.0878,53.73,68,90,3.74
189,Pevek,RU,2022-07-14 16:03:08,69.7008,170.3133,33.71,85,7,13.29
190,Castro,BR,2022-07-14 16:01:22,-24.7911,-50.0119,70.43,55,94,13.51
191,Aitape,PG,2022-07-14 16:00:46,-3.1374,142.3475,77.05,89,85,2.33
192,Katsuura,JP,2022-07-14 16:03:09,35.1333,140.3,74.84,93,100,6.78
193,Aykhal,RU,2022-07-14 16:03:09,66.0,111.5,51.44,67,100,7.11
194,Xining,CN,2022-07-14 16:03:10,36.6167,101.7667,64.08,91,100,4.41
195,Bubaque,GW,2022-07-14 16:03:10,11.2833,-15.8333,80.28,80,90,9.17
196,Katangli,RU,2022-07-14 16:03:10,51.7102,143.2326,50.22,99,100,11.72
197,Kahului,US,2022-07-14 16:03:11,20.8947,-156.47,77.85,79,20,13.8
198,Tete,MZ,2022-07-14 15:58:50,-16.1564,33.5867,74.73,38,4,2.93
199,Bengkulu,ID,2022-07-14 16:00:25,-3.8004,102.2655,76.91,93,99,5.39
200,Tabou,CI,2022-07-14 16:00:37,4.423,-7.3528,77.47,76,100,9.04
201,La Ronge,CA,2022-07-14 16:00:21,55.1001,-105.2842,67.35,38,0,10.36
202,Karlskoga,SE,2022-07-14 16:03:12,59.3267,14.5239,65.52,55,95,6.04
203,Lumeje,AO,2022-07-14 16:03:13,-11.55,20.7833,75.63,24,3,4.83
204,Honiara,SB,2022-07-14 16:03:13,-9.4333,159.95,74.97,79,79,3.6
205,Tucumcari,US,2022-07-14 16:03:13,35.1717,-103.725,89.44,31,0,9.22
206,Ciudad Bolivar,VE,2022-07-14 16:03:14,8.1222,-63.5497,87.3,54,25,6.85
207,Makakilo City,US,2022-07-14 16:02:14,21.3469,-158.0858,76.57,76,100,17.38
208,Acarau,BR,2022-07-14 16:03:14,-2.8856,-40.12,86.02,57,8,15.61
209,Phan Thiet,VN,2022-07-14 16:03:15,10.9333,108.1,79.57,84,100,10.54
210,Jalu,LY,2022-07-14 16:03:15,29.0331,21.5482,92.93,21,0,14.18
211,Porto Novo,BJ,2022-07-14 16:03:16,6.4965,2.6036,77.49,83,100,10.65
212,Luderitz,NA,2022-07-14 16:03:16,-26.6481,15.1594,66.34,48,0,16.24
213,Biak,ID,2022-07-14 16:03:17,-0.9131,122.8766,74.35,92,100,5.66
214,Longyearbyen,SJ,2022-07-14 16:03:17,78.2186,15.6401,55.24,71,0,5.75
215,Kawalu,ID,2022-07-14 16:03:18,-7.3817,108.2082,73.27,98,98,2.01
216,Zabaykalsk,RU,2022-07-14 16:03:18,49.6333,117.3167,60.08,94,100,4.29
217,Point Pedro,LK,2022-07-14 16:03:19,9.8167,80.2333,83.21,74,72,23.91
218,Gimbi,ET,2022-07-14 16:00:16,9.1667,35.8333,56.3,97,100,3.06
219,Udachnyy,RU,2022-07-14 16:03:20,66.4167,112.4,53.53,66,100,7.47
220,Deputatskiy,RU,2022-07-14 16:03:20,69.3,139.9,44.62,91,23,4.18
221,Broome,US,2022-07-14 16:03:21,42.2506,-75.833,74.46,69,75,7.0
222,Cidreira,BR,2022-07-14 16:03:22,-30.1811,-50.2056,58.59,98,100,11.72
223,Puerto Escondido,MX,2022-07-14 16:03:22,15.85,-97.0667,85.03,65,100,6.91
224,Correia Pinto,BR,2022-07-14 16:03:22,-27.5847,-50.3611,52.95,99,100,4.54
225,Nishihara,JP,2022-07-14 16:03:23,26.1842,127.7558,83.68,94,100,6.91
226,Anloga,GH,2022-07-14 16:03:15,5.7947,0.8973,77.23,83,79,14.94
227,Legnica,PL,2022-07-14 15:58:51,51.2101,16.1619,76.78,40,69,12.82
228,Kulu,TR,2022-07-14 16:03:24,39.0951,33.0799,78.64,25,0,17.16
229,Santa Cruz,BO,2022-07-14 16:00:05,-17.8,-63.1667,79.63,53,99,20.11
230,Esperance,AU,2022-07-14 16:04:24,-33.8667,121.9,60.19,86,71,15.32
231,Margate,GB,2022-07-14 16:01:43,51.3813,1.3862,74.1,69,42,5.01
232,Merauke,ID,2022-07-14 16:04:25,-8.4667,140.3333,74.1,78,73,15.75
233,Carballo,ES,2022-07-14 16:04:25,43.213,-8.691,94.42,65,98,5.44
234,Ruteng,ID,2022-07-14 16:04:26,-8.6136,120.4721,59.07,91,35,1.21
235,Mount Isa,AU,2022-07-14 16:04:26,-20.7333,139.5,51.57,35,15,8.05
236,Odweyne,SO,2022-07-14 16:04:27,9.4092,45.064,78.35,46,96,23.11
237,Coihaique,CL,2022-07-14 16:04:27,-45.5752,-72.0662,33.75,69,75,3.44
238,Hobyo,SO,2022-07-14 16:04:27,5.3505,48.5268,78.82,78,53,23.76
239,Oktyabrskiy,RU,2022-07-14 16:04:28,54.4815,53.471,70.11,74,98,8.41
240,Alto Araguaia,BR,2022-07-14 16:04:28,-17.3147,-53.2153,87.15,19,47,12.88
241,Itapaci,BR,2022-07-14 16:04:29,-14.9508,-49.5494,89.62,25,94,6.15
242,Auki,SB,2022-07-14 16:04:29,-8.7676,160.7034,75.88,85,39,2.84
243,Muravlenko,RU,2022-07-14 16:04:30,63.7898,74.523,61.61,60,71,8.32
244,Kavaratti,IN,2022-07-14 16:02:27,10.5669,72.642,81.46,84,96,21.65
245,Isangel,VU,2022-07-14 16:04:30,-19.55,169.2667,75.13,86,47,6.29
246,Imeni Poliny Osipenko,RU,2022-07-14 16:01:25,52.4201,136.4853,62.69,98,99,8.46
247,Agadez,NE,2022-07-14 16:04:31,19.75,10.25,102.85,10,13,7.96
248,Mazatlan,MX,2022-07-14 16:04:10,23.2167,-106.4167,88.02,78,100,2.3
249,Divnomorskoye,RU,2022-07-14 16:04:31,44.5011,38.1353,72.5,64,0,6.22
250,Gillette,US,2022-07-14 16:03:59,44.2911,-105.5022,82.06,38,0,5.75
251,Cassilandia,BR,2022-07-14 16:04:32,-19.1133,-51.7342,90.72,17,32,12.73
252,Belmonte,BR,2022-07-14 16:04:32,-15.8631,-38.8828,78.28,67,98,8.72
253,Saskylakh,RU,2022-07-14 16:00:49,71.9167,114.0833,41.79,93,100,8.03
254,Kaputa,ZM,2022-07-14 16:01:57,-8.4689,29.6619,74.43,47,15,1.3
255,Matagami,CA,2022-07-14 16:04:30,49.7502,-77.6328,68.49,33,21,5.37
256,Pemba,MZ,2022-07-14 16:04:33,-12.974,40.5178,76.39,74,38,17.29
257,Port Blair,IN,2022-07-14 16:04:34,11.6667,92.75,80.94,85,100,18.19
258,Pisco,PE,2022-07-14 16:04:34,-13.7,-76.2167,63.01,67,0,9.22
259,Batagay,RU,2022-07-14 16:04:35,67.6333,134.6333,58.64,73,44,2.91
260,Salinas,US,2022-07-14 16:02:39,36.6777,-121.6555,60.89,84,100,6.91
261,Sabha,LY,2022-07-14 16:04:35,27.0377,14.4283,94.05,15,0,12.33
262,Mbandaka,CD,2022-07-14 16:04:36,0.0487,18.2603,85.59,46,72,2.91
263,Camana,PE,2022-07-14 16:04:36,-16.6228,-72.7111,62.87,67,35,9.93
264,Narrabri,AU,2022-07-14 16:04:37,-30.3167,149.7833,44.53,84,1,1.01
265,Vitim,RU,2022-07-14 16:04:37,59.4511,112.5578,61.12,91,71,2.59
266,Sitka,US,2022-07-14 16:03:33,57.0531,-135.33,55.29,71,75,8.05
267,Kichera,RU,2022-07-14 16:04:38,55.9375,110.0997,57.63,82,100,0.78
268,Husavik,IS,2022-07-14 16:04:39,66.0449,-17.3389,49.84,78,61,6.85
269,Beringovskiy,RU,2022-07-14 16:04:39,63.05,179.3167,46.81,98,100,6.29
270,Nemuro,JP,2022-07-14 16:04:40,43.3236,145.575,59.72,90,100,10.71
271,Grindavik,IS,2022-07-14 16:04:40,63.8424,-22.4338,52.27,71,75,8.05
272,Shasta Lake,US,2022-07-14 16:04:41,40.6804,-122.3708,81.75,38,0,1.23
273,Casa Nova,BR,2022-07-14 16:04:41,-9.4167,-41.1333,83.82,37,2,18.16
274,Kharp,RU,2022-07-14 16:04:41,66.8014,65.8081,65.12,77,12,8.3
275,Alta,NO,2022-07-14 16:00:06,69.9689,23.2717,61.86,81,40,11.5
276,Mandan,US,2022-07-14 16:04:42,46.8267,-100.8896,77.36,90,20,10.36
277,Mathbaria,BD,2022-07-14 16:04:42,22.2876,89.9593,82.6,81,54,10.27
278,Caravelas,BR,2022-07-14 16:05:43,-17.7125,-39.2481,75.85,76,85,6.93
279,Okakarara,NA,2022-07-14 16:05:43,-20.5833,17.4333,68.36,21,0,7.58
280,Chama,CH,2022-07-14 16:05:44,47.1821,8.4636,93.36,31,36,9.22
281,Villa Sandino,NI,2022-07-14 16:05:44,12.0483,-84.9936,73.85,95,100,9.84
282,Sistranda,NO,2022-07-14 16:05:45,63.7256,8.834,53.56,73,81,24.34
283,Fairbanks,US,2022-07-14 16:01:06,64.8378,-147.7164,61.21,59,11,4.99
284,Lagoa,PT,2022-07-14 16:05:46,39.05,-27.9833,69.94,92,100,15.32
285,Rawson,AR,2022-07-14 16:05:46,-43.3002,-65.1023,47.35,56,100,14.56
286,Mahibadhoo,MV,2022-07-14 16:05:47,3.7833,72.9667,83.75,74,52,14.61
287,Guerrero Negro,MX,2022-07-14 16:01:53,27.9769,-114.0611,68.76,73,24,13.4
288,Murgab,TM,2022-07-14 16:05:47,37.4966,61.9714,94.39,11,0,15.26
289,Paamiut,GL,2022-07-14 16:05:48,61.994,-49.6678,45.18,82,100,4.41
290,Killybegs,IE,2022-07-14 16:05:48,54.6333,-8.45,60.51,81,99,12.64
291,Kavieng,PG,2022-07-14 16:05:49,-2.5744,150.7967,80.38,83,100,15.39
292,Manacapuru,BR,2022-07-14 16:05:49,-3.2997,-60.6206,88.09,57,63,2.06
293,Xichang,CN,2022-07-14 16:05:50,27.8964,102.2634,70.45,77,10,2.15
294,Mnogovershinnyy,RU,2022-07-14 16:05:50,53.9353,139.9242,56.88,91,96,1.95
295,Mumbwa,ZM,2022-07-14 16:05:50,-14.9783,27.0619,66.15,40,100,4.63
296,Bako,ET,2022-07-14 16:05:51,5.7833,36.5667,69.82,58,90,3.27
297,Wanaka,NZ,2022-07-14 16:05:51,-44.7,169.15,30.11,93,86,4.0
298,Rio Brilhante,BR,2022-07-14 16:05:52,-21.8019,-54.5464,90.46,20,11,15.9
299,Saint George,US,2022-07-14 16:01:01,37.1041,-113.5841,94.78,26,0,1.01
300,Mgachi,RU,2022-07-14 16:05:52,51.05,142.2667,57.06,98,76,3.38
301,Taoudenni,ML,2022-07-14 16:05:53,22.6783,-3.9836,116.19,6,43,11.88
302,Vanavara,RU,2022-07-14 16:05:53,60.34,102.2797,54.14,87,100,1.54
303,Zhigansk,RU,2022-07-14 16:05:54,66.7697,123.3711,58.95,98,88,8.57
304,Solnechnyy,RU,2022-07-14 16:05:54,50.7214,136.6319,64.81,98,96,5.17
305,Vargashi,RU,2022-07-14 16:05:54,55.3556,65.8467,68.29,83,68,2.51
306,Petropavlovsk-Kamchatskiy,RU,2022-07-14 16:03:25,53.0452,158.6483,56.23,96,65,0.76
307,Erzin,TR,2022-07-14 16:05:55,36.9559,36.2,81.25,69,0,10.63
308,Saint Anthony,US,2022-07-14 16:05:55,45.0205,-93.218,80.15,62,0,5.75
309,Klaksvik,FO,2022-07-14 16:05:56,62.2266,-6.589,52.72,80,69,13.71
310,Tiarei,PF,2022-07-14 16:04:39,-17.5333,-149.3333,71.01,65,71,22.88
311,Bilgoraj,PL,2022-07-14 16:05:56,50.5411,22.722,79.66,57,84,5.5
312,Argayash,RU,2022-07-14 16:05:57,55.4888,60.8767,82.09,75,42,6.26
313,Alegrete,BR,2022-07-14 16:05:57,-29.7831,-55.7919,65.46,94,92,10.18
314,Hay River,CA,2022-07-14 16:05:58,60.8156,-115.7999,56.66,83,68,12.35
315,Chitaga,CO,2022-07-14 16:05:58,7.1378,-72.6646,67.23,56,23,5.77
316,Lebu,CL,2022-07-14 16:03:05,-37.6167,-73.65,45.12,81,99,10.96
317,Sinnamary,GF,2022-07-14 16:05:59,5.3833,-52.95,84.24,69,56,10.51
318,Slave Lake,CA,2022-07-14 16:05:59,55.2834,-114.769,67.71,35,34,9.26
319,Havelock,US,2022-07-14 16:06:00,34.8791,-76.9013,86.99,81,100,5.01
320,Kimbe,PG,2022-07-14 16:06:00,-5.5502,150.1429,76.62,89,100,5.93
321,Jacqueville,CI,2022-07-14 16:06:01,5.2052,-4.4146,77.27,81,100,13.53
322,Beauvais,FR,2022-07-14 16:06:01,49.4167,2.0,86.16,40,0,16.11
323,Sumbe,AO,2022-07-14 16:07:01,-11.2061,13.8437,72.19,78,4,7.78
324,Maceio,BR,2022-07-14 16:07:02,-9.6658,-35.7353,81.84,57,75,12.66
325,Kirovohrad,UA,2022-07-14 16:07:03,48.5132,32.2597,78.19,38,22,11.03
326,Xam Nua,LA,2022-07-14 16:07:03,20.4197,104.0439,68.32,99,92,2.21
327,Karata,RU,2022-07-14 16:07:04,42.5949,46.3393,64.15,93,34,4.25
328,Palmas Bellas,PA,2022-07-14 16:07:04,9.2319,-80.0867,87.03,77,84,5.55
329,Nanortalik,GL,2022-07-14 16:07:05,60.1432,-45.2371,48.56,77,100,11.54
330,Havoysund,NO,2022-07-14 16:07:05,70.9963,24.6622,57.43,94,100,5.35
331,Eyemouth,GB,2022-07-14 16:07:06,55.8713,-2.0901,66.81,73,64,4.85
332,Ugoofaaru,MV,2022-07-14 16:07:06,5.6667,73.0,82.85,78,92,15.46
333,Boende,CD,2022-07-14 16:07:08,-0.2167,20.8667,85.33,51,66,4.97
334,Sumbawanga,TZ,2022-07-14 16:07:08,-7.9667,31.6167,60.33,45,2,2.28
335,Chapais,CA,2022-07-14 16:02:45,49.7834,-74.8492,70.47,35,69,7.14
336,Arkhangelskaya,RU,2022-07-14 16:07:09,45.6796,40.2754,75.63,45,1,13.09
337,San Cristobal,VE,2022-07-14 16:07:01,7.7669,-72.225,80.78,37,31,6.51
338,Omboue,GA,2022-07-14 16:07:10,-1.5746,9.2618,75.94,71,45,9.84
339,Joue-Les-Tours,FR,2022-07-14 16:07:10,47.3522,0.6691,91.65,32,0,9.22
340,Kaitangata,NZ,2022-07-14 16:07:11,-46.2817,169.8464,38.59,94,95,6.49
341,Dali,CN,2022-07-14 16:07:11,25.7,100.1833,66.92,83,10,3.56
342,Hovd,MN,2022-07-14 16:03:24,48.0056,91.6419,54.99,59,34,0.76
343,Conakry,GN,2022-07-14 16:07:12,9.538,-13.6773,80.6,77,59,11.25
344,Ulkan,RU,2022-07-14 16:07:13,57.243,107.3223,55.02,96,100,2.89
345,Marienburg,PL,2022-07-14 16:07:13,54.0359,19.0266,68.88,52,97,13.6
346,Lamlash,GB,2022-07-14 16:07:14,55.5336,-5.1296,65.48,69,95,13.65
347,Pahrump,US,2022-07-14 16:06:00,36.2083,-115.9839,96.94,20,100,1.99
348,Saldanha,ZA,2022-07-14 16:07:14,-33.0117,17.9442,57.47,86,6,8.63
349,Berlevag,NO,2022-07-14 16:07:15,70.8578,29.0864,69.6,93,0,2.3
350,Yangjiang,CN,2022-07-14 16:07:15,21.85,111.9667,81.77,87,62,5.08
351,Westport,US,2022-07-14 16:07:16,41.1415,-73.3579,87.15,62,0,6.91
352,The Valley,AI,2022-07-14 16:06:46,18.217,-63.0578,80.82,79,99,21.7
353,Codrington,AU,2022-07-14 16:07:16,-38.2667,141.9667,43.86,97,23,8.75
354,Bilma,NE,2022-07-14 16:07:17,18.6853,12.9164,106.07,10,11,6.76
355,Redcar,GB,2022-07-14 16:07:17,54.6166,-1.06,69.08,65,92,2.44
356,Boa Vista,BR,2022-07-14 16:07:09,2.8197,-60.6733,73.38,83,75,16.11
357,Zaraza,VE,2022-07-14 16:07:18,9.3503,-65.3245,90.12,46,24,3.29
358,San Policarpo,PH,2022-07-14 16:07:18,12.1791,125.5072,81.43,81,94,4.85
359,Albina,SR,2022-07-14 16:07:19,5.5,-54.05,87.73,64,57,3.51
360,Griffith,US,2022-07-14 16:07:19,41.5284,-87.4237,79.3,63,0,6.91
361,Emilio Carranza,MX,2022-07-14 16:07:20,19.9711,-96.6114,82.06,72,98,3.78
362,Zhangjiakou,CN,2022-07-14 16:07:20,40.81,114.8794,73.4,35,21,5.1
363,Vila,PT,2022-07-14 16:07:20,42.0304,-8.1588,77.88,19,99,3.51
364,Alamos,MX,2022-07-14 16:07:21,27.0167,-108.9333,87.08,50,26,1.61
365,Suluq,LY,2022-07-14 16:07:21,31.6682,20.2521,82.83,42,0,20.36
366,Denizli,TR,2022-07-14 16:07:22,37.8402,29.0698,94.32,25,17,15.68
367,Ust-Omchug,RU,2022-07-14 16:08:22,61.15,149.6333,64.54,76,88,4.36
368,Sorong,ID,2022-07-14 16:08:23,-0.8833,131.25,77.4,89,100,6.06
369,Sibut,CF,2022-07-14 16:08:23,5.718,19.0739,78.04,89,96,0.85
370,Narsaq,GL,2022-07-14 16:08:24,60.9167,-46.05,48.65,78,100,9.93
371,Ahipara,NZ,2022-07-14 16:08:24,-35.1667,173.1667,55.15,88,85,10.13
372,Vila Velha,BR,2022-07-14 16:08:25,-20.3297,-40.2925,75.15,85,75,3.44
373,Kiruna,SE,2022-07-14 16:08:25,67.8557,20.2251,58.12,88,75,12.66
374,Liverpool,GB,2022-07-14 16:05:14,53.4106,-2.9779,68.29,60,40,18.41
375,Nenjiang,CN,2022-07-14 16:06:25,49.1833,125.2167,64.6,96,69,7.31
376,Djambala,CG,2022-07-14 16:08:26,-2.5447,14.7533,87.26,27,38,5.79
377,Krasnoselkup,RU,2022-07-14 16:08:23,65.7,82.4667,57.42,60,100,6.08
378,Gamba,GA,2022-07-14 16:04:31,-2.65,10.0,75.29,71,50,9.51
379,Fort Nelson,CA,2022-07-14 16:08:27,58.8053,-122.7002,62.53,46,66,4.68
380,Bukachacha,RU,2022-07-14 16:08:28,52.9833,116.9167,59.27,98,100,3.53
381,Sao Joao Da Barra,BR,2022-07-14 16:08:28,-21.6403,-41.0511,78.89,71,2,10.13
382,Antalaha,MG,2022-07-14 16:08:28,-14.9003,50.2788,69.8,80,8,10.69
383,Obama,JP,2022-07-14 16:08:29,35.4958,135.746,76.95,93,37,8.72
384,Awjilah,LY,2022-07-14 16:08:29,29.1081,21.2869,93.04,21,0,13.35
385,Utiel,ES,2022-07-14 16:08:30,39.5667,-1.2,93.0,23,0,17.07
386,Luocheng,CN,2022-07-14 16:08:30,29.3848,104.0286,77.81,96,71,3.38
387,La Roda,ES,2022-07-14 16:08:31,39.2167,-2.15,103.98,11,0,14.23
388,Sao Gabriel Da Cachoeira,BR,2022-07-14 16:08:31,-0.1303,-67.0892,80.51,83,76,3.38
389,Marawi,PH,2022-07-14 16:07:58,7.9986,124.2928,69.8,95,100,1.23
390,Cherskiy,RU,2022-07-14 16:08:32,68.75,161.3,36.48,79,26,8.7
391,Taunggyi,MM,2022-07-14 16:08:32,20.7833,97.0333,65.59,95,100,3.62
392,Soligalich,RU,2022-07-14 16:05:25,59.0778,42.2864,67.41,72,91,3.65
393,Arroyos Y Esteros,PY,2022-07-14 16:08:33,-25.0667,-57.1,78.55,40,99,11.12
394,Zheleznodorozhnyy,RU,2022-07-14 16:08:33,55.7503,38.0042,72.14,63,97,7.74
395,Araouane,ML,2022-07-14 16:08:34,18.9048,-3.5265,109.33,14,19,10.29
396,Andilamena,MG,2022-07-14 16:08:34,-17.0167,48.5833,56.07,93,48,6.31
397,Puga,MX,2022-07-14 16:08:35,21.5833,-104.8167,78.87,78,40,0.0
398,Aden,YE,2022-07-14 16:08:35,12.7794,45.0367,91.35,51,95,25.64
399,Shawinigan,CA,2022-07-14 16:08:36,46.5668,-72.7491,65.23,83,99,2.26
400,Santo Tomas,PH,2022-07-14 16:08:36,14.1079,121.1414,79.56,92,60,0.94
401,Rupert,US,2022-07-14 16:08:37,42.6191,-113.6772,71.55,56,20,4.61
402,Eureka,US,2022-07-14 16:08:37,40.8021,-124.1637,57.61,86,97,5.99
403,Sarulesti,RO,2022-07-14 16:08:38,44.4167,26.65,90.63,22,78,3.2
404,Whithorn,JM,2022-07-14 16:08:38,18.2604,-78.0378,82.44,49,20,2.33
405,Bambous Virieux,MU,2022-07-14 16:08:38,-20.3428,57.7575,70.21,73,16,16.62
406,Leh,IN,2022-07-14 16:08:39,34.1667,77.5833,62.55,57,87,9.01
407,Marsaxlokk,MT,2022-07-14 16:08:39,35.8419,14.5431,84.81,54,0,10.36
408,Flin Flon,CA,2022-07-14 16:08:40,54.7682,-101.865,72.79,36,100,10.27
409,Roald,NO,2022-07-14 16:05:32,62.5833,6.1333,58.12,71,75,12.66
410,Semey,KZ,2022-07-14 16:08:40,50.4111,80.2275,67.5,46,43,7.27
411,Mantua,IT,2022-07-14 16:08:41,45.1667,10.7833,97.09,11,32,2.06
412,Marrakesh,MA,2022-07-14 16:04:08,31.6315,-8.0083,113.07,14,40,9.22
413,Aktau,KZ,2022-07-14 16:09:42,43.65,51.2,88.38,47,87,9.31
414,Pontianak,ID,2022-07-14 16:05:26,-0.0333,109.3333,80.58,88,40,2.3
415,Sabang,ID,2022-07-14 16:09:42,5.8933,95.3214,83.1,78,27,17.0
416,Rodrigues Alves,BR,2022-07-14 16:09:43,-7.738,-72.6509,88.34,52,76,3.85
417,Samarai,PG,2022-07-14 16:09:43,-10.6167,150.6667,76.35,75,100,19.51
418,Wheeling,US,2022-07-14 16:09:44,42.1392,-87.929,79.21,65,0,11.5
419,Trorod,DK,2022-07-14 16:09:44,55.8395,12.5443,64.89,78,89,16.55
420,Betioky,MG,2022-07-14 16:09:45,-23.7167,44.3833,64.51,48,0,7.65
421,Ginir,ET,2022-07-14 16:09:45,7.1333,40.7,63.7,62,100,13.06
422,Batemans Bay,AU,2022-07-14 16:09:45,-35.7167,150.1833,41.13,86,4,5.35
423,Sweetwater,US,2022-07-14 16:05:39,25.7634,-80.3731,93.0,65,75,12.66
424,Sasvad,IN,2022-07-14 16:09:46,18.3333,74.0333,70.9,90,100,13.56
425,Rudnichnyy,RU,2022-07-14 16:09:46,59.617,52.4703,68.72,92,92,2.24
426,Mbale,UG,2022-07-14 16:09:47,1.0821,34.175,71.22,68,93,3.58
427,Toora-Khem,RU,2022-07-14 16:09:47,52.4675,96.11,49.06,96,100,3.24
428,Romitan,UZ,2022-07-14 16:09:48,39.9343,64.3814,89.55,27,0,9.22
429,Songjianghe,CN,2022-07-14 16:09:45,42.1859,127.479,57.16,98,90,4.9
430,Kamaishi,JP,2022-07-14 16:09:48,39.2667,141.8833,66.92,90,96,3.76
431,Gat,IL,2022-07-14 16:09:49,31.61,34.7642,84.4,100,0,10.0
432,Tazovskiy,RU,2022-07-14 16:09:49,67.4667,78.7,55.29,64,72,4.25
433,Namibe,AO,2022-07-14 16:07:55,-15.1961,12.1522,66.45,84,19,11.54
434,Urumqi,CN,2022-07-14 16:09:50,43.801,87.6005,77.95,24,0,8.95
435,Panjab,AF,2022-07-14 16:09:51,34.388,67.0233,62.67,22,34,7.63
436,Maine-Soroa,NE,2022-07-14 16:09:51,13.2114,12.0241,99.07,25,33,8.3
437,Huilong,CN,2022-07-14 16:09:52,31.8111,121.655,83.82,80,100,5.35
438,Carman,CA,2022-07-14 16:09:52,49.4992,-98.0016,68.07,77,100,11.54
439,Ucluelet,CA,2022-07-14 16:09:53,48.9329,-125.5528,59.09,84,100,0.81
440,Maridi,SS,2022-07-14 16:09:53,4.9158,29.4742,70.09,93,95,4.29
441,Ayan,RU,2022-07-14 16:09:54,56.45,138.1667,59.13,95,99,4.12
442,Turukhansk,RU,2022-07-14 16:08:20,65.8167,87.9833,51.58,75,73,5.95
443,Tremedal,BR,2022-07-14 16:09:54,-14.9758,-41.4108,76.46,53,93,9.64
444,Aksarka,RU,2022-07-14 16:09:55,66.5606,67.7975,63.48,76,7,7.87
445,Nouadhibou,MR,2022-07-14 16:09:55,20.931,-17.0347,68.27,87,21,27.54
446,Lasa,IT,2022-07-14 16:09:55,46.6166,10.7002,84.69,41,65,2.98
447,Bongaree,AU,2022-07-14 16:09:56,-27.0797,153.1586,56.39,74,11,12.88
448,Waupun,US,2022-07-14 16:09:56,43.6333,-88.7296,74.82,59,0,4.94
449,Comodoro Rivadavia,AR,2022-07-14 16:09:57,-45.8667,-67.5,35.46,93,75,12.66
450,San Patricio,US,2022-07-14 16:09:57,28.017,-97.5169,93.07,45,2,8.59
451,Sur,OM,2022-07-14 16:09:36,22.5667,59.5289,91.65,56,98,5.53
452,Geraldton,AU,2022-07-14 16:05:59,-28.7667,114.6,63.01,77,75,8.05
453,Cervo,ES,2022-07-14 16:09:58,43.6702,-7.4101,74.73,74,98,9.95
454,Fowa,NG,2022-07-14 16:09:58,8.9167,6.4,84.92,62,91,6.31
455,Luangwa,ZM,2022-07-14 16:09:59,-15.6167,30.4167,71.15,44,39,3.11
456,Tessalit,ML,2022-07-14 16:09:59,20.1986,1.0114,108.77,10,40,2.28
457,Coahuayana,MX,2022-07-14 16:11:00,18.7333,-103.6833,86.5,69,93,1.7
458,Vestmanna,FO,2022-07-14 16:11:00,62.1564,-7.1664,50.92,87,75,10.36
459,Kutum,SD,2022-07-14 16:11:01,14.2,24.6667,84.52,38,84,9.55
460,Presidencia Roque Saenz Pena,AR,2022-07-14 16:11:01,-26.7852,-60.4388,79.32,49,93,13.31
461,Sinamar,PH,2022-07-14 16:11:02,16.9,121.5667,76.17,93,100,2.48
462,Ankang,CN,2022-07-14 16:09:15,32.68,109.0172,86.04,73,54,3.06
463,Hasaki,JP,2022-07-14 16:11:02,35.7333,140.8333,73.8,92,100,9.57
464,Derzhavinsk,KZ,2022-07-14 16:11:03,51.1,66.3167,77.2,40,0,9.53
465,Kargasok,RU,2022-07-14 16:11:03,59.0556,80.8572,53.49,90,35,7.25
466,Livingston,GB,2022-07-14 16:07:07,55.9029,-3.5226,66.27,57,20,11.5
467,Qostanay,KZ,2022-07-14 16:11:04,53.1667,63.5833,80.89,61,0,6.71
468,Maldonado,UY,2022-07-14 16:11:04,-34.6667,-54.9167,60.22,78,78,12.73
469,Pokrovskoye,RU,2022-07-14 16:11:04,47.4157,38.8971,77.95,36,25,13.98
470,Gargzdai,LT,2022-07-14 16:11:05,55.7128,21.4033,65.98,74,97,16.2
471,Dongsheng,CN,2022-07-14 16:11:05,39.8161,109.9776,72.41,53,94,11.9
472,Devonport,AU,2022-07-14 16:11:06,-41.1667,146.35,49.01,91,52,4.83
473,San Francisco,US,2022-07-14 16:07:16,37.7749,-122.4194,71.04,89,20,9.22
474,Maunatlala,BW,2022-07-14 16:11:07,-22.597,27.6301,66.67,24,0,6.06
475,Darhan,MN,2022-07-14 16:11:07,49.4867,105.9228,56.8,92,40,5.26
476,Luanda,AO,2022-07-14 16:07:43,-8.8368,13.2343,71.6,83,0,9.22
477,Yongan,CN,2022-07-14 16:11:08,39.6957,113.6871,70.77,52,33,4.18
478,Hofn,IS,2022-07-14 16:11:08,64.2539,-15.2082,50.77,78,100,9.75
479,Ojinaga,MX,2022-07-14 16:11:09,29.5667,-104.4167,93.58,42,0,5.75
480,Chepareria,KE,2022-07-14 16:11:09,1.3077,35.2039,64.04,79,99,2.86
481,Aklavik,CA,2022-07-14 16:11:10,68.2191,-135.0107,39.76,77,100,19.33
482,Biu,NG,2022-07-14 16:11:10,10.6129,12.1946,79.36,65,82,6.2
483,Soeng Sang,TH,2022-07-14 16:11:11,14.4264,102.4606,74.41,93,86,4.99
484,Oda,JP,2022-07-14 16:11:11,35.1833,132.5,74.84,96,88,5.21
485,Manapa,PH,2022-07-14 16:11:12,8.9778,125.4394,76.44,93,59,4.25
486,Salima,MW,2022-07-14 16:11:12,-13.7804,34.4587,69.55,53,6,0.67
487,Minna,NG,2022-07-14 16:11:13,9.6139,6.5569,80.73,76,86,4.52
488,Tiznit,MA,2022-07-14 16:11:13,29.5833,-9.5,91.31,29,1,8.34
489,Meulaboh,ID,2022-07-14 16:11:14,4.1363,96.1285,78.57,88,29,6.17
490,Watertown,US,2022-07-14 16:10:11,42.3709,-71.1828,86.13,63,75,4.61
491,Alice Springs,AU,2022-07-14 16:11:15,-23.7,133.8833,33.35,69,16,0.0
492,Qui Nhon,VN,2022-07-14 16:11:16,13.7667,109.2333,80.64,87,97,5.77
493,Haines Junction,CA,2022-07-14 16:11:16,60.7522,-137.5108,52.09,68,72,2.39
494,Fortuna,US,2022-07-14 16:08:22,40.5982,-124.1573,56.93,91,100,4.52
495,San Matias,BO,2022-07-14 16:11:17,-16.3667,-58.4,95.02,21,97,10.09
496,Aksu,CN,2022-07-14 16:09:45,41.1231,80.2644,79.5,27,71,6.2
497,Kuala Lipis,MY,2022-07-14 16:11:18,4.1842,102.0468,74.93,93,97,0.81
498,Grammenitsa,GR,2022-07-14 16:11:18,39.1831,20.9806,80.06,32,0,5.79
499,Winnemucca,US,2022-07-14 16:11:19,40.973,-117.7357,80.65,18,0,3.44
500,Scarborough,GB,2022-07-14 16:11:19,54.2797,-0.4044,65.93,64,72,1.99
501,El Paujil,CO,2022-07-14 16:11:19,1.5701,-75.3286,72.64,94,98,1.25
502,Baiao,BR,2022-07-14 16:12:20,-2.7906,-49.6717,89.1,52,62,4.54
503,Trinidad,BO,2022-07-14 16:09:38,-14.8333,-64.9,90.45,40,60,9.82
504,Anadyr,RU,2022-07-14 16:12:21,64.75,177.4833,51.49,93,100,6.89
505,Ambilobe,MG,2022-07-14 16:12:21,-13.2,49.05,71.46,75,45,2.82
506,Bosaso,SO,2022-07-14 16:09:22,11.2842,49.1816,93.4,46,94,9.51
507,Izumo,JP,2022-07-14 16:12:22,35.3667,132.7667,75.04,96,95,4.41
508,Santander Jimenez,MX,2022-07-14 16:12:22,24.2167,-98.4667,89.35,50,29,9.8
509,Kidal,ML,2022-07-14 16:12:23,18.4411,1.4078,105.4,18,7,10.16
510,Qasigiannguit,GL,2022-07-14 16:12:23,68.8193,-51.1922,43.84,55,22,6.64
511,Kalutara,LK,2022-07-14 16:12:23,6.5831,79.9593,77.52,89,31,8.5
512,Keti Bandar,PK,2022-07-14 16:12:24,24.1447,67.4497,87.55,78,80,7.78
513,Port Hardy,CA,2022-07-14 16:12:25,50.6996,-127.4199,56.07,87,100,12.15
514,Mareeba,AU,2022-07-14 16:12:25,-17.0,145.4333,48.92,88,57,1.99
515,Srednekolymsk,RU,2022-07-14 16:12:26,67.45,153.6833,50.34,52,100,10.4
516,College,US,2022-07-14 16:12:26,64.8569,-147.8028,60.21,56,40,3.44
517,Nanticoke,US,2022-07-14 16:12:13,41.2054,-76.0049,83.64,60,5,1.01
518,Half Moon Bay,US,2022-07-14 16:12:27,37.4636,-122.4286,72.54,80,100,9.22
519,Cururupu,BR,2022-07-14 16:12:27,-1.8283,-44.8683,83.34,74,39,8.63
520,Meiganga,CM,2022-07-14 16:12:28,6.5167,14.3,73.89,87,49,3.2
521,Bonaventure,CA,2022-07-14 16:12:28,48.0457,-65.4926,62.55,66,68,2.93
522,Ust-Kulom,RU,2022-07-14 16:12:28,61.6864,53.6902,67.21,97,100,3.47
523,Tekeli,KZ,2022-07-14 16:12:29,44.83,78.8239,61.84,43,0,9.64
524,Necochea,AR,2022-07-14 16:12:29,-38.5473,-58.7368,54.9,59,100,12.35
525,Arosa,CH,2022-07-14 16:12:30,46.7779,9.6762,74.35,34,32,6.76
526,Segovia,ES,2022-07-14 16:12:30,41.1667,-4.0,99.43,9,17,10.18
527,Dharmanagar,IN,2022-07-14 16:12:31,24.3667,92.1667,79.66,94,17,4.0
528,Bashtanka,UA,2022-07-14 16:12:31,47.4072,32.4387,82.27,31,30,14.29
529,Kandri,IN,2022-07-14 16:12:32,21.4167,79.2667,78.37,92,100,4.18
530,Zhuhai,CN,2022-07-14 16:12:32,22.2769,113.5678,87.85,89,20,11.5
531,Cubuk,TR,2022-07-14 16:12:32,40.2386,33.0322,77.77,36,20,14.97
532,Clearwater,US,2022-07-14 16:12:33,27.9659,-82.8001,92.1,76,40,3.44
533,Cairns,AU,2022-07-14 16:11:43,-16.9167,145.7667,53.55,89,70,9.22
534,Talara,PE,2022-07-14 16:12:34,-4.5772,-81.2719,70.56,68,0,23.02
535,Huarmey,PE,2022-07-14 16:12:34,-10.0681,-78.1522,65.84,70,18,10.42
